MM:DD:YYYY hh:mm:ss,Library_Version,Session_type,Device_Number,Battery_Voltage,Motor_Turns,PelletsToSwitch,Prob_left,Prob_right,Event,High_prob_poke,Left_Poke_Count,Right_Poke_Count,Pellet_Count,Block_Pellet_Count,Retrieval_Time,InterPelletInterval,Poke_Time
9/12/2023 19:13:28,1.17.0,Bandit,2,4.20,nan,30,80,20,Right,Left,0,1,0,0,nan,nan,0.10
9/12/2023 19:13:55,1.17.0,Bandit,2,4.20,nan,30,80,20,Right,Left,0,2,0,0,nan,nan,0.32
9/12/2023 19:14:12,1.17.0,Bandit,2,4.20,nan,30,80,20,Right,Left,0,3,0,0,nan,nan,0.35
9/12/2023 19:14:14,1.17.0,Bandit,2,4.20,nan,30,80,20,LeftinTimeOut,Left,0,3,0,0,nan,nan,nan
9/12/2023 19:14:16,1.17.0,Bandit,2,4.20,nan,30,80,20,LeftinTimeOut,Left,0,3,0,0,nan,nan,nan
9/12/2023 19:14:32,1.17.0,Bandit,2,4.20,nan,30,80,20,Right,Left,0,4,0,0,nan,nan,0.18
9/12/2023 19:14:41,1.17.0,Bandit,2,4.20,nan,30,80,20,LeftinTimeOut,Left,0,4,0,0,nan,nan,nan
9/12/2023 19:14:43,1.17.0,Bandit,2,4.20,nan,30,80,20,LeftinTimeOut,Left,0,4,0,0,nan,nan,nan
9/12/2023 19:14:45,1.17.0,Bandit,2,4.20,nan,30,80,20,LeftinTimeOut,Left,0,4,0,0,nan,nan,nan
9/12/2023 19:14:50,1.17.0,Bandit,2,4.20,nan,30,80,20,RightinTimeout,Left,0,4,0,0,nan,nan,0.00
9/12/2023 19:14:51,1.17.0,Bandit,2,4.20,nan,30,80,20,RightinTimeout,Left,0,4,0,0,nan,nan,0.00
9/12/2023 19:14:55,1.17.0,Bandit,2,4.20,nan,30,80,20,RightinTimeout,Left,0,4,0,0,nan,nan,0.00
9/12/2023 19:14:56,1.17.0,Bandit,2,4.19,nan,30,80,20,RightinTimeout,Left,0,4,0,0,nan,nan,0.00
9/12/2023 19:14:56,1.17.0,Bandit,2,4.20,nan,30,80,20,RightinTimeout,Left,0,4,0,0,nan,nan,0.00
9/12/2023 19:14:57,1.17.0,Bandit,2,4.20,nan,30,80,20,RightinTimeout,Left,0,4,0,0,nan,nan,0.00
9/12/2023 19:14:57,1.17.0,Bandit,2,4.20,nan,30,80,20,RightinTimeout,Left,0,4,0,0,nan,nan,0.00
9/12/2023 19:15:08,1.17.0,Bandit,2,4.20,nan,30,80,20,Left,Left,1,4,0,0,nan,nan,0.08
9/12/2023 19:15:10,1.17.0,Bandit,2,4.20,nan,30,80,20,LeftDuringDispense,Left,1,4,0,0,nan,nan,0.41
9/12/2023 19:15:13,1.17.0,Bandit,2,4.20,2,30,80,20,Pellet,Left,1,4,1,0,0.48,nan,nan
9/12/2023 19:15:26,1.17.0,Bandit,2,4.20,nan,30,80,20,Left,Left,2,4,1,1,nan,nan,0.27
9/12/2023 19:15:29,1.17.0,Bandit,2,4.20,2,30,80,20,Pellet,Left,2,4,2,1,0.42,16,nan
9/12/2023 19:15:46,1.17.0,Bandit,2,4.20,nan,30,80,20,Left,Left,3,4,2,2,nan,nan,0.17
9/12/2023 19:15:49,1.17.0,Bandit,2,4.20,nan,30,80,20,LeftinTimeOut,Left,3,4,2,2,nan,nan,nan
9/12/2023 19:15:52,1.17.0,Bandit,2,4.20,nan,30,80,20,RightinTimeout,Left,3,4,2,2,nan,nan,0.00
9/12/2023 19:15:58,1.17.0,Bandit,2,4.20,nan,30,80,20,LeftinTimeOut,Left,3,4,2,2,nan,nan,nan
9/12/2023 19:16:02,1.17.0,Bandit,2,4.20,nan,30,80,20,LeftinTimeOut,Left,3,4,2,2,nan,nan,nan
9/12/2023 19:16:12,1.17.0,Bandit,2,4.20,nan,30,80,20,Left,Left,4,4,2,2,nan,nan,0.28
9/12/2023 19:16:15,1.17.0,Bandit,2,4.20,nan,30,80,20,LeftinTimeOut,Left,4,4,2,2,nan,nan,nan
9/12/2023 19:16:18,1.17.0,Bandit,2,4.20,nan,30,80,20,RightinTimeout,Left,4,4,2,2,nan,nan,0.00
9/12/2023 19:16:25,1.17.0,Bandit,2,4.19,nan,30,80,20,RightinTimeout,Left,4,4,2,2,nan,nan,0.00
9/12/2023 19:16:28,1.17.0,Bandit,2,4.20,nan,30,80,20,LeftinTimeOut,Left,4,4,2,2,nan,nan,nan
9/12/2023 19:16:28,1.17.0,Bandit,2,4.20,nan,30,80,20,LeftinTimeOut,Left,4,4,2,2,nan,nan,nan
9/12/2023 19:16:31,1.17.0,Bandit,2,4.20,nan,30,80,20,LeftinTimeOut,Left,4,4,2,2,nan,nan,nan
9/12/2023 19:16:35,1.17.0,Bandit,2,4.20,nan,30,80,20,LeftinTimeOut,Left,4,4,2,2,nan,nan,nan
9/12/2023 19:16:40,1.17.0,Bandit,2,4.20,nan,30,80,20,RightinTimeout,Left,4,4,2,2,nan,nan,0.00
9/12/2023 19:16:54,1.17.0,Bandit,2,4.20,nan,30,80,20,Right,Left,4,5,2,2,nan,nan,0.22
9/12/2023 19:17:03,1.17.0,Bandit,2,4.20,nan,30,80,20,LeftinTimeOut,Left,4,5,2,2,nan,nan,nan
9/12/2023 19:17:06,1.17.0,Bandit,2,4.20,nan,30,80,20,LeftinTimeOut,Left,4,5,2,2,nan,nan,nan
9/12/2023 19:17:09,1.17.0,Bandit,2,4.20,nan,30,80,20,LeftinTimeOut,Left,4,5,2,2,nan,nan,nan
9/12/2023 19:17:16,1.17.0,Bandit,2,4.20,nan,30,80,20,LeftinTimeOut,Left,4,5,2,2,nan,nan,nan
9/12/2023 19:17:19,1.17.0,Bandit,2,4.20,nan,30,80,20,LeftinTimeOut,Left,4,5,2,2,nan,nan,nan
9/12/2023 19:17:26,1.17.0,Bandit,2,4.19,nan,30,80,20,LeftinTimeOut,Left,4,5,2,2,nan,nan,nan
9/12/2023 19:17:28,1.17.0,Bandit,2,4.20,nan,30,80,20,LeftinTimeOut,Left,4,5,2,2,nan,nan,nan
9/12/2023 19:17:34,1.17.0,Bandit,2,4.20,nan,30,80,20,RightinTimeout,Left,4,5,2,2,nan,nan,0.00
9/12/2023 19:17:35,1.17.0,Bandit,2,4.20,nan,30,80,20,LeftinTimeOut,Left,4,5,2,2,nan,nan,nan
9/12/2023 19:17:36,1.17.0,Bandit,2,4.20,nan,30,80,20,LeftinTimeOut,Left,4,5,2,2,nan,nan,nan
9/12/2023 19:17:39,1.17.0,Bandit,2,4.20,nan,30,80,20,LeftinTimeOut,Left,4,5,2,2,nan,nan,nan
9/12/2023 19:17:42,1.17.0,Bandit,2,4.20,nan,30,80,20,LeftinTimeOut,Left,4,5,2,2,nan,nan,nan
9/12/2023 19:17:43,1.17.0,Bandit,2,4.20,nan,30,80,20,LeftinTimeOut,Left,4,5,2,2,nan,nan,nan
9/12/2023 19:17:44,1.17.0,Bandit,2,4.20,nan,30,80,20,LeftinTimeOut,Left,4,5,2,2,nan,nan,nan
9/12/2023 19:17:45,1.17.0,Bandit,2,4.20,nan,30,80,20,LeftinTimeOut,Left,4,5,2,2,nan,nan,nan
9/12/2023 19:17:52,1.17.0,Bandit,2,4.20,nan,30,80,20,LeftinTimeOut,Left,4,5,2,2,nan,nan,nan
9/12/2023 19:17:53,1.17.0,Bandit,2,4.20,nan,30,80,20,LeftinTimeOut,Left,4,5,2,2,nan,nan,nan
9/12/2023 19:17:54,1.17.0,Bandit,2,4.20,nan,30,80,20,LeftinTimeOut,Left,4,5,2,2,nan,nan,nan
9/12/2023 19:17:54,1.17.0,Bandit,2,4.20,nan,30,80,20,LeftinTimeOut,Left,4,5,2,2,nan,nan,nan
9/12/2023 19:17:55,1.17.0,Bandit,2,4.20,nan,30,80,20,LeftinTimeOut,Left,4,5,2,2,nan,nan,nan
9/12/2023 19:17:56,1.17.0,Bandit,2,4.20,nan,30,80,20,LeftinTimeOut,Left,4,5,2,2,nan,nan,nan
9/12/2023 19:18:03,1.17.0,Bandit,2,4.20,nan,30,80,20,RightinTimeout,Left,4,5,2,2,nan,nan,0.00
9/12/2023 19:18:57,1.17.0,Bandit,2,4.20,nan,30,80,20,Right,Left,4,6,2,2,nan,nan,0.05
9/12/2023 19:19:15,1.17.0,Bandit,2,4.20,nan,30,80,20,Right,Left,4,7,2,2,nan,nan,0.17
9/12/2023 19:19:20,1.17.0,Bandit,2,4.20,1,30,80,20,Pellet,Left,4,7,3,2,2.13,231,nan
9/12/2023 19:19:31,1.17.0,Bandit,2,4.20,nan,30,80,20,Right,Left,4,8,3,3,nan,nan,0.51
9/12/2023 19:19:34,1.17.0,Bandit,2,4.20,nan,30,80,20,RightinTimeout,Left,4,8,3,3,nan,nan,0.00
9/12/2023 19:19:34,1.17.0,Bandit,2,4.20,nan,30,80,20,RightinTimeout,Left,4,8,3,3,nan,nan,0.00
9/12/2023 19:19:35,1.17.0,Bandit,2,4.20,nan,30,80,20,RightinTimeout,Left,4,8,3,3,nan,nan,0.00
9/12/2023 19:19:35,1.17.0,Bandit,2,4.20,nan,30,80,20,RightinTimeout,Left,4,8,3,3,nan,nan,0.00
9/12/2023 19:19:37,1.17.0,Bandit,2,4.20,nan,30,80,20,RightinTimeout,Left,4,8,3,3,nan,nan,0.00
9/12/2023 19:19:42,1.17.0,Bandit,2,4.20,nan,30,80,20,LeftinTimeOut,Left,4,8,3,3,nan,nan,nan
9/12/2023 19:19:44,1.17.0,Bandit,2,4.20,nan,30,80,20,LeftinTimeOut,Left,4,8,3,3,nan,nan,nan
9/12/2023 19:19:45,1.17.0,Bandit,2,4.20,nan,30,80,20,LeftinTimeOut,Left,4,8,3,3,nan,nan,nan
9/12/2023 19:19:53,1.17.0,Bandit,2,4.20,nan,30,80,20,LeftinTimeOut,Left,4,8,3,3,nan,nan,nan
9/12/2023 19:19:55,1.17.0,Bandit,2,4.20,nan,30,80,20,LeftinTimeOut,Left,4,8,3,3,nan,nan,nan
9/12/2023 19:20:03,1.17.0,Bandit,2,4.20,nan,30,80,20,RightinTimeout,Left,4,8,3,3,nan,nan,0.00
9/12/2023 19:20:03,1.17.0,Bandit,2,4.20,nan,30,80,20,RightinTimeout,Left,4,8,3,3,nan,nan,0.00
9/12/2023 19:20:13,1.17.0,Bandit,2,4.20,nan,30,80,20,RightinTimeout,Left,4,8,3,3,nan,nan,0.00
9/12/2023 19:20:14,1.17.0,Bandit,2,4.20,nan,30,80,20,RightinTimeout,Left,4,8,3,3,nan,nan,0.00
9/12/2023 19:20:18,1.17.0,Bandit,2,4.20,nan,30,80,20,LeftinTimeOut,Left,4,8,3,3,nan,nan,nan
9/12/2023 19:20:39,1.17.0,Bandit,2,4.20,nan,30,80,20,Right,Left,4,9,3,3,nan,nan,0.24
9/12/2023 19:20:48,1.17.0,Bandit,2,4.20,nan,30,80,20,LeftinTimeOut,Left,4,9,3,3,nan,nan,nan
9/12/2023 19:20:51,1.17.0,Bandit,2,4.20,nan,30,80,20,LeftinTimeOut,Left,4,9,3,3,nan,nan,nan
9/12/2023 19:20:57,1.17.0,Bandit,2,4.20,nan,30,80,20,RightinTimeout,Left,4,9,3,3,nan,nan,0.00
9/12/2023 19:20:57,1.17.0,Bandit,2,4.20,nan,30,80,20,RightinTimeout,Left,4,9,3,3,nan,nan,0.00
9/12/2023 19:20:58,1.17.0,Bandit,2,4.20,nan,30,80,20,RightinTimeout,Left,4,9,3,3,nan,nan,0.00
9/12/2023 19:21:05,1.17.0,Bandit,2,4.20,nan,30,80,20,RightinTimeout,Left,4,9,3,3,nan,nan,0.00
9/12/2023 19:21:16,1.17.0,Bandit,2,4.20,nan,30,80,20,Left,Left,5,9,3,3,nan,nan,0.24
9/12/2023 19:22:01,1.17.0,Bandit,2,4.20,nan,30,80,20,Right,Left,5,10,3,3,nan,nan,0.69
9/12/2023 19:22:04,1.17.0,Bandit,2,4.20,1,30,80,20,Pellet,Left,5,10,4,3,0.60,164,nan
9/12/2023 19:22:17,1.17.0,Bandit,2,4.20,nan,30,80,20,Right,Left,5,11,4,4,nan,nan,0.44
9/12/2023 19:22:20,1.17.0,Bandit,2,4.20,1,30,80,20,Pellet,Left,5,11,5,4,0.42,16,nan
9/12/2023 19:22:43,1.17.0,Bandit,2,4.20,nan,30,80,20,Right,Left,5,12,5,5,nan,nan,0.29
9/12/2023 19:22:48,1.17.0,Bandit,2,4.20,nan,30,80,20,RightinTimeout,Left,5,12,5,5,nan,nan,0.00
9/12/2023 19:22:53,1.17.0,Bandit,2,4.20,nan,30,80,20,RightinTimeout,Left,5,12,5,5,nan,nan,0.00
9/12/2023 19:22:53,1.17.0,Bandit,2,4.20,nan,30,80,20,RightinTimeout,Left,5,12,5,5,nan,nan,0.00
9/12/2023 19:22:54,1.17.0,Bandit,2,4.19,nan,30,80,20,RightinTimeout,Left,5,12,5,5,nan,nan,0.00
9/12/2023 19:22:59,1.17.0,Bandit,2,4.20,nan,30,80,20,LeftinTimeOut,Left,5,12,5,5,nan,nan,nan
9/12/2023 19:23:01,1.17.0,Bandit,2,4.20,nan,30,80,20,LeftinTimeOut,Left,5,12,5,5,nan,nan,nan
9/12/2023 19:23:04,1.17.0,Bandit,2,4.20,nan,30,80,20,LeftinTimeOut,Left,5,12,5,5,nan,nan,nan
9/12/2023 19:23:07,1.17.0,Bandit,2,4.19,nan,30,80,20,RightinTimeout,Left,5,12,5,5,nan,nan,0.00
9/12/2023 19:23:08,1.17.0,Bandit,2,4.20,nan,30,80,20,RightinTimeout,Left,5,12,5,5,nan,nan,0.00
9/12/2023 19:23:13,1.17.0,Bandit,2,4.20,nan,30,80,20,LeftinTimeOut,Left,5,12,5,5,nan,nan,nan
9/12/2023 19:23:14,1.17.0,Bandit,2,4.20,nan,30,80,20,LeftinTimeOut,Left,5,12,5,5,nan,nan,nan
9/12/2023 19:23:19,1.17.0,Bandit,2,4.20,nan,30,80,20,LeftinTimeOut,Left,5,12,5,5,nan,nan,nan
9/12/2023 19:23:20,1.17.0,Bandit,2,4.20,nan,30,80,20,LeftinTimeOut,Left,5,12,5,5,nan,nan,nan
9/12/2023 19:23:22,1.17.0,Bandit,2,4.20,nan,30,80,20,LeftinTimeOut,Left,5,12,5,5,nan,nan,nan
9/12/2023 19:23:28,1.17.0,Bandit,2,4.20,nan,30,80,20,RightinTimeout,Left,5,12,5,5,nan,nan,0.00
9/12/2023 19:23:28,1.17.0,Bandit,2,4.20,nan,30,80,20,RightinTimeout,Left,5,12,5,5,nan,nan,0.00
9/12/2023 19:23:30,1.17.0,Bandit,2,4.20,nan,30,80,20,RightinTimeout,Left,5,12,5,5,nan,nan,0.00
9/12/2023 19:23:43,1.17.0,Bandit,2,4.20,nan,30,80,20,Left,Left,6,12,5,5,nan,nan,0.31
9/12/2023 19:23:45,1.17.0,Bandit,2,4.19,1,30,80,20,Pellet,Left,6,12,6,5,0.54,85,nan
9/12/2023 19:24:06,1.17.0,Bandit,2,4.20,nan,30,80,20,Left,Left,7,12,6,6,nan,nan,0.16
9/12/2023 19:24:09,1.17.0,Bandit,2,4.20,1,30,80,20,Pellet,Left,7,12,7,6,0.42,24,nan
9/12/2023 19:24:23,1.17.0,Bandit,2,4.20,nan,30,80,20,Left,Left,8,12,7,7,nan,nan,0.61
9/12/2023 19:24:25,1.17.0,Bandit,2,4.20,1,30,80,20,Pellet,Left,8,12,8,7,0.54,16,nan
9/12/2023 19:24:44,1.17.0,Bandit,2,4.20,nan,30,80,20,Left,Left,9,12,8,8,nan,nan,0.11
9/12/2023 19:24:47,1.17.0,Bandit,2,4.20,1,30,80,20,Pellet,Left,9,12,9,8,0.84,22,nan
9/12/2023 19:25:04,1.17.0,Bandit,2,4.20,nan,30,80,20,Left,Left,10,12,9,9,nan,nan,0.17
9/12/2023 19:25:09,1.17.0,Bandit,2,4.20,nan,30,80,20,LeftinTimeOut,Left,10,12,9,9,nan,nan,nan
9/12/2023 19:25:10,1.17.0,Bandit,2,4.20,nan,30,80,20,LeftinTimeOut,Left,10,12,9,9,nan,nan,nan
9/12/2023 19:25:11,1.17.0,Bandit,2,4.20,nan,30,80,20,LeftinTimeOut,Left,10,12,9,9,nan,nan,nan
9/12/2023 19:25:13,1.17.0,Bandit,2,4.20,nan,30,80,20,LeftinTimeOut,Left,10,12,9,9,nan,nan,nan
9/12/2023 19:25:16,1.17.0,Bandit,2,4.20,nan,30,80,20,LeftinTimeOut,Left,10,12,9,9,nan,nan,nan
9/12/2023 19:25:17,1.17.0,Bandit,2,4.20,nan,30,80,20,LeftinTimeOut,Left,10,12,9,9,nan,nan,nan
9/12/2023 19:25:19,1.17.0,Bandit,2,4.20,nan,30,80,20,LeftinTimeOut,Left,10,12,9,9,nan,nan,nan
9/12/2023 19:25:21,1.17.0,Bandit,2,4.20,nan,30,80,20,LeftinTimeOut,Left,10,12,9,9,nan,nan,nan
9/12/2023 19:25:25,1.17.0,Bandit,2,4.20,nan,30,80,20,LeftinTimeOut,Left,10,12,9,9,nan,nan,nan
9/12/2023 19:25:28,1.17.0,Bandit,2,4.19,nan,30,80,20,LeftinTimeOut,Left,10,12,9,9,nan,nan,nan
9/12/2023 19:25:31,1.17.0,Bandit,2,4.20,nan,30,80,20,LeftinTimeOut,Left,10,12,9,9,nan,nan,nan
9/12/2023 19:25:59,1.17.0,Bandit,2,4.20,nan,30,80,20,Right,Left,10,13,9,9,nan,nan,0.27
9/12/2023 19:26:19,1.17.0,Bandit,2,4.20,nan,30,80,20,Left,Left,11,13,9,9,nan,nan,0.23
9/12/2023 19:26:23,1.17.0,Bandit,2,4.20,1,30,80,20,Pellet,Left,11,13,10,9,1.27,96,nan
9/12/2023 19:27:20,1.17.0,Bandit,2,4.20,nan,30,80,20,Left,Left,12,13,10,10,nan,nan,0.23
9/12/2023 19:27:23,1.17.0,Bandit,2,4.20,1,30,80,20,Pellet,Left,12,13,11,10,0.78,60,nan
9/12/2023 19:27:51,1.17.0,Bandit,2,4.20,nan,30,80,20,Left,Left,13,13,11,11,nan,nan,0.14
9/12/2023 19:27:54,1.17.0,Bandit,2,4.20,1,30,80,20,Pellet,Left,13,13,12,11,0.42,31,nan
9/12/2023 19:28:11,1.17.0,Bandit,2,4.20,nan,30,80,20,Left,Left,14,13,12,12,nan,nan,0.57
9/12/2023 19:28:14,1.17.0,Bandit,2,4.20,1,30,80,20,Pellet,Left,14,13,13,12,0.42,20,nan
9/12/2023 19:28:37,1.17.0,Bandit,2,4.20,nan,30,80,20,Left,Left,15,13,13,13,nan,nan,0.96
9/12/2023 19:28:39,1.17.0,Bandit,2,4.20,1,30,80,20,Pellet,Left,15,13,14,13,0.42,25,nan
9/12/2023 19:28:56,1.17.0,Bandit,2,4.20,nan,30,80,20,Left,Left,16,13,14,14,nan,nan,0.44
9/12/2023 19:28:58,1.17.0,Bandit,2,4.20,2,30,80,20,Pellet,Left,16,13,15,14,0.42,19,nan
9/12/2023 19:29:19,1.17.0,Bandit,2,4.20,nan,30,80,20,Left,Left,17,13,15,15,nan,nan,0.46
9/12/2023 19:29:22,1.17.0,Bandit,2,4.20,1,30,80,20,Pellet,Left,17,13,16,15,0.66,23,nan
9/12/2023 19:29:39,1.17.0,Bandit,2,4.19,nan,30,80,20,Left,Left,18,13,16,16,nan,nan,0.04
9/12/2023 19:29:43,1.17.0,Bandit,2,4.20,2,30,80,20,Pellet,Left,18,13,17,16,0.42,22,nan
9/12/2023 19:30:00,1.17.0,Bandit,2,4.20,nan,30,80,20,Left,Left,19,13,17,17,nan,nan,0.51
9/12/2023 19:30:04,1.17.0,Bandit,2,4.20,nan,30,80,20,LeftinTimeOut,Left,19,13,17,17,nan,nan,nan
9/12/2023 19:30:04,1.17.0,Bandit,2,4.20,nan,30,80,20,LeftinTimeOut,Left,19,13,17,17,nan,nan,nan
9/12/2023 19:30:07,1.17.0,Bandit,2,4.20,nan,30,80,20,LeftinTimeOut,Left,19,13,17,17,nan,nan,nan
9/12/2023 19:30:11,1.17.0,Bandit,2,4.20,nan,30,80,20,LeftinTimeOut,Left,19,13,17,17,nan,nan,nan
9/12/2023 19:31:58,1.17.0,Bandit,2,4.20,nan,30,80,20,Left,Left,20,13,17,17,nan,nan,0.15
9/12/2023 19:32:01,1.17.0,Bandit,2,4.20,2,30,80,20,Pellet,Left,20,13,18,17,0.42,138,nan
9/12/2023 19:32:15,1.17.0,Bandit,2,4.20,nan,30,80,20,Left,Left,21,13,18,18,nan,nan,0.02
9/12/2023 19:32:18,1.17.0,Bandit,2,4.19,1,30,80,20,Pellet,Left,21,13,19,18,0.85,17,nan
9/12/2023 19:32:31,1.17.0,Bandit,2,4.20,nan,30,80,20,Left,Left,22,13,19,19,nan,nan,0.03
9/12/2023 19:32:34,1.17.0,Bandit,2,4.20,1,30,80,20,Pellet,Left,22,13,20,19,0.42,16,nan
9/12/2023 19:32:55,1.17.0,Bandit,2,4.20,nan,30,80,20,Left,Left,23,13,20,20,nan,nan,0.87
9/12/2023 19:32:58,1.17.0,Bandit,2,4.19,1,30,80,20,Pellet,Left,23,13,21,20,0.42,23,nan
9/12/2023 19:33:40,1.17.0,Bandit,2,4.20,nan,30,80,20,Left,Left,24,13,21,21,nan,nan,0.18
9/12/2023 19:33:42,1.17.0,Bandit,2,4.20,1,30,80,20,Pellet,Left,24,13,22,21,0.42,45,nan
9/12/2023 19:34:20,1.17.0,Bandit,2,4.20,nan,30,80,20,Left,Left,25,13,22,22,nan,nan,0.20
9/12/2023 19:34:22,1.17.0,Bandit,2,4.19,1,30,80,20,Pellet,Left,25,13,23,22,0.42,40,nan
9/12/2023 19:34:58,1.17.0,Bandit,2,4.20,nan,30,80,20,Left,Left,26,13,23,23,nan,nan,0.17
9/12/2023 19:35:01,1.17.0,Bandit,2,4.19,1,30,80,20,Pellet,Left,26,13,24,23,0.54,38,nan
9/12/2023 19:35:33,1.17.0,Bandit,2,4.20,nan,30,80,20,Left,Left,27,13,24,24,nan,nan,0.08
9/12/2023 19:35:36,1.17.0,Bandit,2,4.20,1,30,80,20,Pellet,Left,27,13,25,24,0.48,36,nan
9/12/2023 19:57:26,1.17.0,Bandit,2,4.19,nan,30,80,20,Left,Left,28,13,25,25,nan,nan,0.32
9/12/2023 19:57:29,1.17.0,Bandit,2,4.20,1,30,80,20,Pellet,Left,28,13,26,25,0.42,1312,nan
9/12/2023 19:57:41,1.17.0,Bandit,2,4.20,nan,30,80,20,Left,Left,29,13,26,26,nan,nan,0.01
9/12/2023 19:57:44,1.17.0,Bandit,2,4.20,1,30,80,20,Pellet,Left,29,13,27,26,0.42,16,nan
9/12/2023 19:57:59,1.17.0,Bandit,2,4.19,nan,30,80,20,Left,Left,30,13,27,27,nan,nan,0.08
9/12/2023 19:58:02,1.17.0,Bandit,2,4.19,1,30,80,20,Pellet,Left,30,13,28,27,0.42,17,nan
9/12/2023 19:58:19,1.17.0,Bandit,2,4.20,nan,30,80,20,Left,Left,31,13,28,28,nan,nan,0.23
9/12/2023 19:58:21,1.17.0,Bandit,2,4.19,1,30,80,20,Pellet,Left,31,13,29,28,0.42,20,nan
9/12/2023 19:58:42,1.17.0,Bandit,2,4.20,nan,30,80,20,Left,Left,32,13,29,29,nan,nan,0.05
9/12/2023 19:58:44,1.17.0,Bandit,2,4.19,1,30,80,20,Pellet,Left,32,13,30,29,0.42,23,nan
9/12/2023 19:58:58,1.17.0,Bandit,2,4.17,nan,30,20,80,Left,Right,33,13,30,0,nan,nan,0.10
9/12/2023 19:59:00,1.17.0,Bandit,2,4.20,nan,30,20,80,LeftinTimeOut,Right,33,13,30,0,nan,nan,nan
9/12/2023 20:24:36,1.17.0,Bandit,2,4.19,nan,30,20,80,Right,Right,33,14,30,0,nan,nan,0.12
9/12/2023 20:24:41,1.17.0,Bandit,2,4.19,nan,30,20,80,RightinTimeout,Right,33,14,30,0,nan,nan,0.00
9/12/2023 20:24:43,1.17.0,Bandit,2,4.19,nan,30,20,80,LeftinTimeOut,Right,33,14,30,0,nan,nan,nan
9/12/2023 20:24:47,1.17.0,Bandit,2,4.19,nan,30,20,80,LeftinTimeOut,Right,33,14,30,0,nan,nan,nan
9/12/2023 20:24:53,1.17.0,Bandit,2,4.19,nan,30,20,80,RightinTimeout,Right,33,14,30,0,nan,nan,0.00
9/12/2023 20:26:35,1.17.0,Bandit,2,4.20,nan,30,20,80,Left,Right,34,14,30,0,nan,nan,0.07
9/12/2023 20:26:38,1.17.0,Bandit,2,4.19,1,30,20,80,Pellet,Right,34,14,31,0,0.54,1674,nan
9/12/2023 20:27:00,1.17.0,Bandit,2,4.19,nan,30,20,80,Left,Right,35,14,31,1,nan,nan,0.01
9/12/2023 20:27:05,1.17.0,Bandit,2,4.19,nan,30,20,80,LeftinTimeOut,Right,35,14,31,1,nan,nan,nan
9/12/2023 20:27:09,1.17.0,Bandit,2,4.19,nan,30,20,80,LeftinTimeOut,Right,35,14,31,1,nan,nan,nan
9/12/2023 20:27:15,1.17.0,Bandit,2,4.19,nan,30,20,80,LeftinTimeOut,Right,35,14,31,1,nan,nan,nan
9/12/2023 20:27:19,1.17.0,Bandit,2,4.19,nan,30,20,80,LeftinTimeOut,Right,35,14,31,1,nan,nan,nan
9/12/2023 20:33:03,1.17.0,Bandit,2,4.19,nan,30,20,80,Left,Right,36,14,31,1,nan,nan,0.31
9/12/2023 20:33:06,1.17.0,Bandit,2,4.19,1,30,20,80,Pellet,Right,36,14,32,1,0.66,388,nan
9/12/2023 20:33:27,1.17.0,Bandit,2,4.19,nan,30,20,80,Left,Right,37,14,32,2,nan,nan,0.02
9/12/2023 20:33:30,1.17.0,Bandit,2,4.19,1,30,20,80,Pellet,Right,37,14,33,2,0.42,23,nan
9/12/2023 20:33:45,1.17.0,Bandit,2,4.19,nan,30,20,80,Left,Right,38,14,33,3,nan,nan,0.33
9/12/2023 20:33:50,1.17.0,Bandit,2,4.19,nan,30,20,80,LeftinTimeOut,Right,38,14,33,3,nan,nan,nan
9/12/2023 20:33:51,1.17.0,Bandit,2,4.19,nan,30,20,80,LeftinTimeOut,Right,38,14,33,3,nan,nan,nan
9/12/2023 20:33:55,1.17.0,Bandit,2,4.19,nan,30,20,80,LeftinTimeOut,Right,38,14,33,3,nan,nan,nan
9/12/2023 20:34:09,1.17.0,Bandit,2,4.19,nan,30,20,80,Left,Right,39,14,33,3,nan,nan,0.25
9/12/2023 20:34:14,1.17.0,Bandit,2,4.20,nan,30,20,80,LeftinTimeOut,Right,39,14,33,3,nan,nan,nan
9/12/2023 20:34:17,1.17.0,Bandit,2,4.19,nan,30,20,80,LeftinTimeOut,Right,39,14,33,3,nan,nan,nan
9/12/2023 20:34:18,1.17.0,Bandit,2,4.19,nan,30,20,80,LeftinTimeOut,Right,39,14,33,3,nan,nan,nan
9/12/2023 20:34:26,1.17.0,Bandit,2,4.20,nan,30,20,80,LeftinTimeOut,Right,39,14,33,3,nan,nan,nan
9/12/2023 20:34:29,1.17.0,Bandit,2,4.19,nan,30,20,80,LeftinTimeOut,Right,39,14,33,3,nan,nan,nan
9/12/2023 20:34:31,1.17.0,Bandit,2,4.18,nan,30,20,80,LeftinTimeOut,Right,39,14,33,3,nan,nan,nan
9/12/2023 20:34:34,1.17.0,Bandit,2,4.19,nan,30,20,80,LeftinTimeOut,Right,39,14,33,3,nan,nan,nan
9/12/2023 20:34:35,1.17.0,Bandit,2,4.19,nan,30,20,80,LeftinTimeOut,Right,39,14,33,3,nan,nan,nan
9/12/2023 20:34:39,1.17.0,Bandit,2,4.19,nan,30,20,80,LeftinTimeOut,Right,39,14,33,3,nan,nan,nan
9/12/2023 20:34:42,1.17.0,Bandit,2,4.19,nan,30,20,80,LeftinTimeOut,Right,39,14,33,3,nan,nan,nan
9/12/2023 20:34:45,1.17.0,Bandit,2,4.19,nan,30,20,80,LeftinTimeOut,Right,39,14,33,3,nan,nan,nan
9/12/2023 20:34:48,1.17.0,Bandit,2,4.19,nan,30,20,80,RightinTimeout,Right,39,14,33,3,nan,nan,0.00
9/12/2023 20:34:58,1.17.0,Bandit,2,4.19,nan,30,20,80,LeftinTimeOut,Right,39,14,33,3,nan,nan,nan
9/12/2023 20:35:04,1.17.0,Bandit,2,4.19,nan,30,20,80,LeftinTimeOut,Right,39,14,33,3,nan,nan,nan
9/12/2023 20:35:05,1.17.0,Bandit,2,4.19,nan,30,20,80,LeftinTimeOut,Right,39,14,33,3,nan,nan,nan
9/12/2023 20:47:54,1.17.0,Bandit,2,4.18,nan,30,20,80,Left,Right,40,14,33,3,nan,nan,0.43
9/12/2023 20:47:57,1.17.0,Bandit,2,4.18,1,30,20,80,Pellet,Right,40,14,34,3,0.54,867,nan
9/12/2023 20:48:15,1.17.0,Bandit,2,4.19,nan,30,20,80,Left,Right,41,14,34,4,nan,nan,0.41
9/12/2023 20:48:20,1.17.0,Bandit,2,4.19,nan,30,20,80,LeftinTimeOut,Right,41,14,34,4,nan,nan,nan
9/12/2023 20:48:21,1.17.0,Bandit,2,4.19,nan,30,20,80,LeftinTimeOut,Right,41,14,34,4,nan,nan,nan
9/12/2023 20:48:38,1.17.0,Bandit,2,4.19,nan,30,20,80,Left,Right,42,14,34,4,nan,nan,0.90
9/12/2023 20:48:41,1.17.0,Bandit,2,4.18,nan,30,20,80,LeftinTimeOut,Right,42,14,34,4,nan,nan,nan
9/12/2023 20:48:42,1.17.0,Bandit,2,4.19,nan,30,20,80,LeftinTimeOut,Right,42,14,34,4,nan,nan,nan
9/12/2023 20:48:45,1.17.0,Bandit,2,4.18,nan,30,20,80,LeftinTimeOut,Right,42,14,34,4,nan,nan,nan
9/12/2023 20:48:49,1.17.0,Bandit,2,4.18,nan,30,20,80,LeftinTimeOut,Right,42,14,34,4,nan,nan,nan
9/12/2023 20:48:51,1.17.0,Bandit,2,4.18,nan,30,20,80,LeftinTimeOut,Right,42,14,34,4,nan,nan,nan
9/12/2023 20:48:51,1.17.0,Bandit,2,4.18,nan,30,20,80,LeftinTimeOut,Right,42,14,34,4,nan,nan,nan
9/12/2023 20:48:55,1.17.0,Bandit,2,4.18,nan,30,20,80,LeftinTimeOut,Right,42,14,34,4,nan,nan,nan
9/12/2023 20:48:56,1.17.0,Bandit,2,4.19,nan,30,20,80,LeftinTimeOut,Right,42,14,34,4,nan,nan,nan
9/12/2023 20:49:00,1.17.0,Bandit,2,4.19,nan,30,20,80,LeftinTimeOut,Right,42,14,34,4,nan,nan,nan
9/12/2023 20:49:01,1.17.0,Bandit,2,4.18,nan,30,20,80,LeftinTimeOut,Right,42,14,34,4,nan,nan,nan
9/12/2023 20:49:02,1.17.0,Bandit,2,4.18,nan,30,20,80,LeftinTimeOut,Right,42,14,34,4,nan,nan,nan
9/12/2023 20:49:05,1.17.0,Bandit,2,4.19,nan,30,20,80,LeftinTimeOut,Right,42,14,34,4,nan,nan,nan
9/12/2023 20:49:15,1.17.0,Bandit,2,4.19,nan,30,20,80,LeftinTimeOut,Right,42,14,34,4,nan,nan,nan
9/12/2023 20:49:17,1.17.0,Bandit,2,4.19,nan,30,20,80,LeftinTimeOut,Right,42,14,34,4,nan,nan,nan
9/12/2023 20:49:37,1.17.0,Bandit,2,4.19,nan,30,20,80,Right,Right,42,15,34,4,nan,nan,0.19
9/12/2023 20:49:40,1.17.0,Bandit,2,4.19,1,30,20,80,Pellet,Right,42,15,35,4,0.42,104,nan
9/12/2023 20:50:01,1.17.0,Bandit,2,4.18,nan,30,20,80,Right,Right,42,16,35,5,nan,nan,0.21
9/12/2023 20:50:04,1.17.0,Bandit,2,4.19,1,30,20,80,Pellet,Right,42,16,36,5,0.42,24,nan
9/12/2023 20:50:24,1.17.0,Bandit,2,4.18,nan,30,20,80,Right,Right,42,17,36,6,nan,nan,0.04
9/12/2023 20:50:27,1.17.0,Bandit,2,4.19,1,30,20,80,Pellet,Right,42,17,37,6,0.60,23,nan
9/12/2023 20:50:43,1.17.0,Bandit,2,4.19,nan,30,20,80,Right,Right,42,18,37,7,nan,nan,0.12
9/12/2023 20:50:46,1.17.0,Bandit,2,4.19,nan,30,20,80,RightinTimeout,Right,42,18,37,7,nan,nan,0.00
9/12/2023 20:50:47,1.17.0,Bandit,2,4.19,nan,30,20,80,RightinTimeout,Right,42,18,37,7,nan,nan,0.00
9/12/2023 20:50:48,1.17.0,Bandit,2,4.18,nan,30,20,80,RightinTimeout,Right,42,18,37,7,nan,nan,0.00
9/12/2023 20:50:48,1.17.0,Bandit,2,4.18,nan,30,20,80,RightinTimeout,Right,42,18,37,7,nan,nan,0.00
9/12/2023 20:51:26,1.17.0,Bandit,2,4.18,nan,30,20,80,Right,Right,42,19,37,7,nan,nan,0.11
9/12/2023 20:51:30,1.17.0,Bandit,2,4.19,1,30,20,80,Pellet,Right,42,19,38,7,1.15,63,nan
9/12/2023 20:51:50,1.17.0,Bandit,2,4.18,nan,30,20,80,Right,Right,42,20,38,8,nan,nan,0.02
9/12/2023 20:51:52,1.17.0,Bandit,2,4.19,1,30,20,80,Pellet,Right,42,20,39,8,0.42,22,nan
9/12/2023 20:52:04,1.17.0,Bandit,2,4.19,nan,30,20,80,Right,Right,42,21,39,9,nan,nan,0.12
9/12/2023 20:52:07,1.17.0,Bandit,2,4.18,nan,30,20,80,RightinTimeout,Right,42,21,39,9,nan,nan,0.00
9/12/2023 20:52:09,1.17.0,Bandit,2,4.19,nan,30,20,80,RightinTimeout,Right,42,21,39,9,nan,nan,0.00
9/12/2023 20:52:12,1.17.0,Bandit,2,4.18,nan,30,20,80,LeftinTimeOut,Right,42,21,39,9,nan,nan,nan
9/12/2023 20:52:31,1.17.0,Bandit,2,4.18,nan,30,20,80,Right,Right,42,22,39,9,nan,nan,0.34
9/12/2023 20:52:37,1.17.0,Bandit,2,4.18,nan,30,20,80,LeftinTimeOut,Right,42,22,39,9,nan,nan,nan
9/12/2023 20:52:40,1.17.0,Bandit,2,4.19,nan,30,20,80,LeftinTimeOut,Right,42,22,39,9,nan,nan,nan
9/12/2023 20:52:44,1.17.0,Bandit,2,4.19,nan,30,20,80,RightinTimeout,Right,42,22,39,9,nan,nan,0.00
9/12/2023 20:52:52,1.17.0,Bandit,2,4.18,nan,30,20,80,RightinTimeout,Right,42,22,39,9,nan,nan,0.00
9/12/2023 20:52:55,1.17.0,Bandit,2,4.19,nan,30,20,80,RightinTimeout,Right,42,22,39,9,nan,nan,0.00
9/12/2023 20:52:57,1.17.0,Bandit,2,4.19,nan,30,20,80,LeftinTimeOut,Right,42,22,39,9,nan,nan,nan
9/12/2023 20:53:48,1.17.0,Bandit,2,4.19,nan,30,20,80,Left,Right,43,22,39,9,nan,nan,0.19
9/12/2023 20:53:51,1.17.0,Bandit,2,4.18,1,30,20,80,Pellet,Right,43,22,40,9,0.54,119,nan
9/12/2023 20:54:07,1.17.0,Bandit,2,4.19,nan,30,20,80,Left,Right,44,22,40,10,nan,nan,0.37
9/12/2023 20:54:09,1.17.0,Bandit,2,4.19,nan,30,20,80,LeftinTimeOut,Right,44,22,40,10,nan,nan,nan
9/12/2023 20:54:10,1.17.0,Bandit,2,4.19,nan,30,20,80,LeftinTimeOut,Right,44,22,40,10,nan,nan,nan
9/12/2023 20:54:11,1.17.0,Bandit,2,4.19,nan,30,20,80,LeftinTimeOut,Right,44,22,40,10,nan,nan,nan
9/12/2023 20:54:15,1.17.0,Bandit,2,4.19,nan,30,20,80,LeftinTimeOut,Right,44,22,40,10,nan,nan,nan
9/12/2023 20:54:19,1.17.0,Bandit,2,4.19,nan,30,20,80,LeftinTimeOut,Right,44,22,40,10,nan,nan,nan
9/12/2023 20:54:43,1.17.0,Bandit,2,4.19,nan,30,20,80,Left,Right,45,22,40,10,nan,nan,0.26
9/12/2023 20:55:12,1.17.0,Bandit,2,4.19,nan,30,20,80,Right,Right,45,23,40,10,nan,nan,0.10
9/12/2023 20:55:14,1.17.0,Bandit,2,4.18,1,30,20,80,Pellet,Right,45,23,41,10,0.42,83,nan
9/12/2023 20:56:05,1.17.0,Bandit,2,4.19,nan,30,20,80,Right,Right,45,24,41,11,nan,nan,0.31
9/12/2023 20:56:09,1.17.0,Bandit,2,4.19,2,30,20,80,Pellet,Right,45,24,42,11,0.42,55,nan
9/12/2023 20:57:04,1.17.0,Bandit,2,4.19,nan,30,20,80,Right,Right,45,25,42,12,nan,nan,0.11
9/12/2023 20:57:07,1.17.0,Bandit,2,4.18,1,30,20,80,Pellet,Right,45,25,43,12,0.66,58,nan
9/12/2023 20:57:17,1.17.0,Bandit,2,4.18,nan,30,20,80,Right,Right,45,26,43,13,nan,nan,0.04
9/12/2023 20:57:20,1.17.0,Bandit,2,4.18,1,30,20,80,Pellet,Right,45,26,44,13,0.54,13,nan
9/12/2023 20:57:54,1.17.0,Bandit,2,4.19,nan,30,20,80,Right,Right,45,27,44,14,nan,nan,0.55
9/12/2023 20:57:57,1.17.0,Bandit,2,4.19,1,30,20,80,Pellet,Right,45,27,45,14,0.42,37,nan
9/12/2023 20:58:11,1.17.0,Bandit,2,4.19,nan,30,20,80,Right,Right,45,28,45,15,nan,nan,0.09
9/12/2023 20:58:14,1.17.0,Bandit,2,4.19,1,30,20,80,Pellet,Right,45,28,46,15,0.42,17,nan
9/12/2023 20:58:50,1.17.0,Bandit,2,4.18,nan,30,20,80,Right,Right,45,29,46,16,nan,nan,0.11
9/12/2023 20:59:17,1.17.0,Bandit,2,4.18,1,30,20,80,Pellet,Right,45,29,47,16,25.59,63,nan
9/12/2023 20:59:32,1.17.0,Bandit,2,4.18,nan,30,20,80,Right,Right,45,30,47,17,nan,nan,0.24
9/12/2023 20:59:35,1.17.0,Bandit,2,4.19,1,30,20,80,Pellet,Right,45,30,48,17,0.42,18,nan
9/12/2023 20:59:52,1.17.0,Bandit,2,4.19,nan,30,20,80,Right,Right,45,31,48,18,nan,nan,0.15
9/12/2023 20:59:55,1.17.0,Bandit,2,4.19,1,30,20,80,Pellet,Right,45,31,49,18,0.60,20,nan
9/12/2023 21:00:12,1.17.0,Bandit,2,4.18,nan,30,20,80,Right,Right,45,32,49,19,nan,nan,0.11
9/12/2023 21:00:15,1.17.0,Bandit,2,4.19,nan,30,20,80,RightinTimeout,Right,45,32,49,19,nan,nan,0.00
9/12/2023 21:00:18,1.17.0,Bandit,2,4.19,nan,30,20,80,RightinTimeout,Right,45,32,49,19,nan,nan,0.00
9/12/2023 21:20:05,1.17.0,Bandit,2,4.18,nan,30,20,80,Right,Right,45,33,49,19,nan,nan,0.32
9/12/2023 21:20:07,1.17.0,Bandit,2,4.18,1,30,20,80,Pellet,Right,45,33,50,19,0.42,1212,nan
9/12/2023 21:20:27,1.17.0,Bandit,2,4.18,nan,30,20,80,Right,Right,45,34,50,20,nan,nan,0.06
9/12/2023 21:20:29,1.17.0,Bandit,2,4.18,1,30,20,80,Pellet,Right,45,34,51,20,0.42,22,nan
9/12/2023 21:20:41,1.17.0,Bandit,2,4.18,nan,30,20,80,Right,Right,45,35,51,21,nan,nan,0.07
9/12/2023 21:20:44,1.17.0,Bandit,2,4.18,1,30,20,80,Pellet,Right,45,35,52,21,0.42,15,nan
9/12/2023 21:21:02,1.17.0,Bandit,2,4.18,nan,30,20,80,Right,Right,45,36,52,22,nan,nan,0.09
9/12/2023 21:21:05,1.17.0,Bandit,2,4.18,2,30,20,80,Pellet,Right,45,36,53,22,0.42,21,nan
9/12/2023 21:21:21,1.17.0,Bandit,2,4.18,nan,30,20,80,Right,Right,45,37,53,23,nan,nan,0.01
9/12/2023 21:21:24,1.17.0,Bandit,2,4.18,1,30,20,80,Pellet,Right,45,37,54,23,0.42,19,nan
9/12/2023 21:21:42,1.17.0,Bandit,2,4.19,nan,30,20,80,Right,Right,45,38,54,24,nan,nan,0.00
9/12/2023 21:21:45,1.17.0,Bandit,2,4.18,1,30,20,80,Pellet,Right,45,38,55,24,0.72,21,nan
9/12/2023 21:22:04,1.17.0,Bandit,2,4.18,nan,30,20,80,Right,Right,45,39,55,25,nan,nan,0.14
9/12/2023 21:22:07,1.17.0,Bandit,2,4.18,1,30,20,80,Pellet,Right,45,39,56,25,0.42,22,nan
9/12/2023 21:22:32,1.17.0,Bandit,2,4.18,nan,30,20,80,Right,Right,45,40,56,26,nan,nan,0.07
9/12/2023 21:22:34,1.17.0,Bandit,2,4.18,1,30,20,80,Pellet,Right,45,40,57,26,0.42,27,nan
9/12/2023 21:23:08,1.17.0,Bandit,2,4.19,nan,30,20,80,Right,Right,45,41,57,27,nan,nan,0.06
9/12/2023 21:23:11,1.17.0,Bandit,2,4.18,1,30,20,80,Pellet,Right,45,41,58,27,0.42,37,nan
9/12/2023 21:23:28,1.17.0,Bandit,2,4.18,nan,30,20,80,Right,Right,45,42,58,28,nan,nan,0.41
9/12/2023 21:23:30,1.17.0,Bandit,2,4.18,1,30,20,80,Pellet,Right,45,42,59,28,0.42,19,nan
9/12/2023 21:23:49,1.17.0,Bandit,2,4.18,nan,30,20,80,Right,Right,45,43,59,29,nan,nan,0.03
9/12/2023 21:23:51,1.17.0,Bandit,2,4.16,1,30,20,80,Pellet,Right,45,43,60,29,0.54,21,nan
9/12/2023 21:24:12,1.17.0,Bandit,2,4.18,nan,30,80,20,Right,Left,45,44,60,0,nan,nan,0.03
9/12/2023 21:36:17,1.17.0,Bandit,2,4.18,nan,30,80,20,Right,Left,45,45,60,0,nan,nan,0.05
9/12/2023 22:00:13,1.17.0,Bandit,2,4.18,nan,30,80,20,Right,Left,45,46,60,0,nan,nan,0.33
9/12/2023 22:00:45,1.17.0,Bandit,2,4.18,nan,30,80,20,Right,Left,45,47,60,0,nan,nan,0.32
9/12/2023 22:00:49,1.17.0,Bandit,2,4.18,nan,30,80,20,RightinTimeout,Left,45,47,60,0,nan,nan,0.00
9/12/2023 22:00:54,1.17.0,Bandit,2,4.18,nan,30,80,20,LeftinTimeOut,Left,45,47,60,0,nan,nan,nan
9/12/2023 22:22:51,1.17.0,Bandit,2,4.18,nan,30,80,20,Right,Left,45,48,60,0,nan,nan,0.02
9/12/2023 22:22:54,1.17.0,Bandit,2,4.18,nan,30,80,20,RightinTimeout,Left,45,48,60,0,nan,nan,0.00
9/12/2023 22:22:58,1.17.0,Bandit,2,4.18,nan,30,80,20,RightinTimeout,Left,45,48,60,0,nan,nan,0.00
9/12/2023 22:23:27,1.17.0,Bandit,2,4.17,nan,30,80,20,Left,Left,46,48,60,0,nan,nan,0.15
9/12/2023 22:23:47,1.17.0,Bandit,2,4.18,1,30,80,20,Pellet,Left,46,48,61,0,17.32,3596,nan
9/12/2023 22:24:59,1.17.0,Bandit,2,4.18,nan,30,80,20,Left,Left,47,48,61,1,nan,nan,0.13
9/12/2023 22:25:03,1.17.0,Bandit,2,4.18,1,30,80,20,Pellet,Left,47,48,62,1,0.97,75,nan
9/12/2023 22:25:41,1.17.0,Bandit,2,4.17,nan,30,80,20,Left,Left,48,48,62,2,nan,nan,0.29
9/12/2023 22:25:44,1.17.0,Bandit,2,4.18,1,30,80,20,Pellet,Left,48,48,63,2,0.78,42,nan
9/12/2023 22:26:20,1.17.0,Bandit,2,4.18,nan,30,80,20,Right,Left,48,49,63,3,nan,nan,0.04
9/12/2023 22:26:22,1.17.0,Bandit,2,4.18,nan,30,80,20,RightinTimeout,Left,48,49,63,3,nan,nan,0.00
9/12/2023 22:26:23,1.17.0,Bandit,2,4.18,nan,30,80,20,RightinTimeout,Left,48,49,63,3,nan,nan,0.00
9/12/2023 22:26:32,1.17.0,Bandit,2,4.18,nan,30,80,20,LeftinTimeOut,Left,48,49,63,3,nan,nan,nan
9/12/2023 22:26:39,1.17.0,Bandit,2,4.18,nan,30,80,20,LeftinTimeOut,Left,48,49,63,3,nan,nan,nan
9/12/2023 22:26:54,1.17.0,Bandit,2,4.18,nan,30,80,20,Left,Left,49,49,63,3,nan,nan,0.03
9/12/2023 22:27:41,1.17.0,Bandit,2,4.18,nan,30,80,20,Right,Left,49,50,63,3,nan,nan,0.17
9/12/2023 22:27:44,1.17.0,Bandit,2,4.18,1,30,80,20,Pellet,Left,49,50,64,3,0.42,120,nan
9/12/2023 22:28:18,1.17.0,Bandit,2,4.18,nan,30,80,20,Right,Left,49,51,64,4,nan,nan,0.59
9/12/2023 22:28:21,1.17.0,Bandit,2,4.18,nan,30,80,20,RightinTimeout,Left,49,51,64,4,nan,nan,0.00
9/12/2023 23:17:22,1.17.0,Bandit,2,4.17,nan,30,80,20,Left,Left,50,51,64,4,nan,nan,0.15
9/12/2023 23:17:25,1.17.0,Bandit,2,4.17,nan,30,80,20,LeftinTimeOut,Left,50,51,64,4,nan,nan,nan
9/12/2023 23:30:38,1.17.0,Bandit,2,4.16,nan,30,80,20,Left,Left,51,51,64,4,nan,nan,0.14
9/12/2023 23:30:41,1.17.0,Bandit,2,4.17,1,30,80,20,Pellet,Left,51,51,65,4,0.66,3777,nan
9/12/2023 23:31:10,1.17.0,Bandit,2,4.17,nan,30,80,20,Left,Left,52,51,65,5,nan,nan,0.50
9/12/2023 23:31:12,1.17.0,Bandit,2,4.17,1,30,80,20,Pellet,Left,52,51,66,5,0.42,31,nan
9/12/2023 23:31:43,1.17.0,Bandit,2,4.17,nan,30,80,20,Left,Left,53,51,66,6,nan,nan,0.05
9/12/2023 23:31:46,1.17.0,Bandit,2,4.17,1,30,80,20,Pellet,Left,53,51,67,6,0.42,34,nan
9/12/2023 23:32:03,1.17.0,Bandit,2,4.17,nan,30,80,20,Left,Left,54,51,67,7,nan,nan,0.05
9/12/2023 23:32:06,1.17.0,Bandit,2,4.17,2,30,80,20,Pellet,Left,54,51,68,7,0.42,20,nan
9/12/2023 23:32:29,1.17.0,Bandit,2,4.17,nan,30,80,20,Left,Left,55,51,68,8,nan,nan,0.89
9/12/2023 23:32:31,1.17.0,Bandit,2,4.17,nan,30,80,20,LeftinTimeOut,Left,55,51,68,8,nan,nan,nan
9/12/2023 23:37:23,1.17.0,Bandit,2,4.17,nan,30,80,20,Right,Left,55,52,68,8,nan,nan,0.24
9/12/2023 23:39:51,1.17.0,Bandit,2,4.16,nan,30,80,20,Right,Left,55,53,68,8,nan,nan,0.23
9/12/2023 23:40:48,1.17.0,Bandit,2,4.17,nan,30,80,20,Left,Left,56,53,68,8,nan,nan,0.05
9/12/2023 23:40:51,1.17.0,Bandit,2,4.16,1,30,80,20,Pellet,Left,56,53,69,8,0.66,525,nan
9/12/2023 23:42:29,1.17.0,Bandit,2,4.17,nan,30,80,20,Left,Left,57,53,69,9,nan,nan,0.05
9/12/2023 23:44:28,1.17.0,Bandit,2,4.16,nan,30,80,20,Left,Left,58,53,69,9,nan,nan,0.06
9/12/2023 23:44:31,1.17.0,Bandit,2,4.16,1,30,80,20,Pellet,Left,58,53,70,9,1.46,220,nan
9/12/2023 23:44:51,1.17.0,Bandit,2,4.16,nan,30,80,20,Left,Left,59,53,70,10,nan,nan,0.10
9/12/2023 23:44:53,1.17.0,Bandit,2,4.17,1,30,80,20,Pellet,Left,59,53,71,10,0.42,22,nan
9/12/2023 23:45:28,1.17.0,Bandit,2,4.17,nan,30,80,20,Left,Left,60,53,71,11,nan,nan,0.08
9/12/2023 23:45:31,1.17.0,Bandit,2,4.16,1,30,80,20,Pellet,Left,60,53,72,11,0.42,38,nan
9/12/2023 23:46:22,1.17.0,Bandit,2,4.16,nan,30,80,20,Right,Left,60,54,72,12,nan,nan,0.11
9/12/2023 23:47:10,1.17.0,Bandit,2,4.17,nan,30,80,20,Right,Left,60,55,72,12,nan,nan,0.07
9/12/2023 23:49:55,1.17.0,Bandit,2,4.17,nan,30,80,20,Left,Left,61,55,72,12,nan,nan,0.04
9/12/2023 23:49:58,1.17.0,Bandit,2,4.16,1,30,80,20,Pellet,Left,61,55,73,12,0.42,267,nan
9/12/2023 23:51:06,1.17.0,Bandit,2,4.16,nan,30,80,20,Right,Left,61,56,73,13,nan,nan,0.14
9/12/2023 23:51:09,1.17.0,Bandit,2,4.16,1,30,80,20,Pellet,Left,61,56,74,13,1.03,71,nan
9/12/2023 23:51:35,1.17.0,Bandit,2,4.17,nan,30,80,20,Left,Left,62,56,74,14,nan,nan,0.06
9/12/2023 23:51:38,1.17.0,Bandit,2,4.16,1,30,80,20,Pellet,Left,62,56,75,14,0.42,29,nan
9/12/2023 23:52:10,1.17.0,Bandit,2,4.16,nan,30,80,20,Left,Left,63,56,75,15,nan,nan,0.06
9/12/2023 23:52:12,1.17.0,Bandit,2,4.17,1,30,80,20,Pellet,Left,63,56,76,15,0.42,34,nan
9/13/2023 0:04:35,1.17.0,Bandit,2,4.16,nan,30,80,20,Right,Left,63,57,76,16,nan,nan,0.15
9/13/2023 0:08:16,1.17.0,Bandit,2,4.16,nan,30,80,20,Right,Left,63,58,76,16,nan,nan,0.04
9/13/2023 0:08:38,1.17.0,Bandit,2,4.16,nan,30,80,20,Left,Left,64,58,76,16,nan,nan,0.16
9/13/2023 0:08:41,1.17.0,Bandit,2,4.17,1,30,80,20,Pellet,Left,64,58,77,16,0.48,989,nan
9/13/2023 0:09:08,1.17.0,Bandit,2,4.16,nan,30,80,20,Left,Left,65,58,77,17,nan,nan,0.06
9/13/2023 0:09:11,1.17.0,Bandit,2,4.16,1,30,80,20,Pellet,Left,65,58,78,17,0.42,30,nan
9/13/2023 0:09:45,1.17.0,Bandit,2,4.16,nan,30,80,20,Left,Left,66,58,78,18,nan,nan,0.08
9/13/2023 0:09:48,1.17.0,Bandit,2,4.17,1,30,80,20,Pellet,Left,66,58,79,18,0.42,37,nan
9/13/2023 0:10:29,1.17.0,Bandit,2,4.16,nan,30,80,20,Left,Left,67,58,79,19,nan,nan,0.02
9/13/2023 0:10:32,1.17.0,Bandit,2,4.16,2,30,80,20,Pellet,Left,67,58,80,19,0.42,43,nan
9/13/2023 0:11:05,1.17.0,Bandit,2,4.17,nan,30,80,20,Left,Left,68,58,80,20,nan,nan,0.07
9/13/2023 0:11:10,1.17.0,Bandit,2,4.16,nan,30,80,20,LeftinTimeOut,Left,68,58,80,20,nan,nan,nan
9/13/2023 0:15:01,1.17.0,Bandit,2,4.16,nan,30,80,20,Left,Left,69,58,80,20,nan,nan,0.07
9/13/2023 0:15:05,1.17.0,Bandit,2,4.15,2,30,80,20,Pellet,Left,69,58,81,20,0.42,274,nan
9/13/2023 0:39:47,1.17.0,Bandit,2,4.16,nan,30,80,20,Left,Left,70,58,81,21,nan,nan,0.52
9/13/2023 0:39:50,1.17.0,Bandit,2,4.16,1,30,80,20,Pellet,Left,70,58,82,21,0.85,1485,nan
9/13/2023 0:40:09,1.17.0,Bandit,2,4.16,nan,30,80,20,Left,Left,71,58,82,22,nan,nan,0.12
9/13/2023 0:40:11,1.17.0,Bandit,2,4.16,1,30,80,20,Pellet,Left,71,58,83,22,0.42,21,nan
9/13/2023 0:42:14,1.17.0,Bandit,2,4.16,nan,30,80,20,Left,Left,72,58,83,23,nan,nan,0.10
9/13/2023 1:10:03,1.17.0,Bandit,2,4.16,nan,30,80,20,Left,Left,73,58,83,23,nan,nan,0.35
9/13/2023 1:10:06,1.17.0,Bandit,2,4.16,1,30,80,20,Pellet,Left,73,58,84,23,0.60,1795,nan
9/13/2023 1:10:26,1.17.0,Bandit,2,4.16,nan,30,80,20,Left,Left,74,58,84,24,nan,nan,0.09
9/13/2023 1:10:29,1.17.0,Bandit,2,4.16,1,30,80,20,Pellet,Left,74,58,85,24,0.42,23,nan
9/13/2023 1:10:51,1.17.0,Bandit,2,4.16,nan,30,80,20,Left,Left,75,58,85,25,nan,nan,0.04
9/13/2023 1:10:53,1.17.0,Bandit,2,4.16,1,30,80,20,Pellet,Left,75,58,86,25,0.42,24,nan
9/13/2023 1:11:13,1.17.0,Bandit,2,4.16,nan,30,80,20,Left,Left,76,58,86,26,nan,nan,0.68
9/13/2023 1:11:16,1.17.0,Bandit,2,4.16,1,30,80,20,Pellet,Left,76,58,87,26,0.42,23,nan
9/13/2023 1:11:45,1.17.0,Bandit,2,4.16,nan,30,80,20,Left,Left,77,58,87,27,nan,nan,0.10
9/13/2023 1:11:47,1.17.0,Bandit,2,4.16,1,30,80,20,Pellet,Left,77,58,88,27,0.42,31,nan
9/13/2023 1:12:15,1.17.0,Bandit,2,4.16,nan,30,80,20,Left,Left,78,58,88,28,nan,nan,0.04
9/13/2023 1:12:17,1.17.0,Bandit,2,4.16,2,30,80,20,Pellet,Left,78,58,89,28,0.42,30,nan
9/13/2023 1:22:46,1.17.0,Bandit,2,4.16,nan,30,80,20,Left,Left,79,58,89,29,nan,nan,0.11
9/13/2023 1:22:48,1.17.0,Bandit,2,4.16,1,30,80,20,Pellet,Left,79,58,90,29,0.60,631,nan
9/13/2023 1:23:11,1.17.0,Bandit,2,4.16,nan,30,20,80,Left,Right,80,58,90,0,nan,nan,0.21
9/13/2023 1:45:50,1.17.0,Bandit,2,4.16,nan,30,20,80,Left,Right,81,58,90,0,nan,nan,0.40
9/13/2023 1:45:54,1.17.0,Bandit,2,4.16,nan,30,20,80,LeftinTimeOut,Right,81,58,90,0,nan,nan,nan
9/13/2023 1:45:56,1.17.0,Bandit,2,4.16,nan,30,20,80,LeftinTimeOut,Right,81,58,90,0,nan,nan,nan
9/13/2023 1:45:58,1.17.0,Bandit,2,4.16,nan,30,20,80,LeftinTimeOut,Right,81,58,90,0,nan,nan,nan
9/13/2023 1:45:59,1.17.0,Bandit,2,4.16,nan,30,20,80,LeftinTimeOut,Right,81,58,90,0,nan,nan,nan
9/13/2023 2:21:00,1.17.0,Bandit,2,4.16,nan,30,20,80,Left,Right,82,58,90,0,nan,nan,0.48
9/13/2023 3:01:04,1.17.0,Bandit,2,4.15,nan,30,20,80,Right,Right,82,59,90,0,nan,nan,0.16
9/13/2023 3:03:32,1.17.0,Bandit,2,4.15,nan,30,20,80,Left,Right,83,59,90,0,nan,nan,0.07
9/13/2023 3:03:52,1.17.0,Bandit,2,4.15,nan,30,20,80,Left,Right,84,59,90,0,nan,nan,0.02
9/13/2023 3:24:07,1.17.0,Bandit,2,4.14,nan,30,20,80,Left,Right,85,59,90,0,nan,nan,0.09
9/13/2023 4:21:20,1.17.0,Bandit,2,4.14,nan,30,20,80,Left,Right,86,59,90,0,nan,nan,0.29
9/13/2023 4:21:24,1.17.0,Bandit,2,4.14,1,30,20,80,Pellet,Right,86,59,91,0,1.52,10716,nan
9/13/2023 4:21:50,1.17.0,Bandit,2,4.14,nan,30,20,80,Left,Right,87,59,91,1,nan,nan,0.16
9/13/2023 4:21:56,1.17.0,Bandit,2,4.14,nan,30,20,80,LeftinTimeOut,Right,87,59,91,1,nan,nan,nan
9/13/2023 4:21:57,1.17.0,Bandit,2,4.14,nan,30,20,80,LeftinTimeOut,Right,87,59,91,1,nan,nan,nan
9/13/2023 4:21:59,1.17.0,Bandit,2,4.14,nan,30,20,80,LeftinTimeOut,Right,87,59,91,1,nan,nan,nan
9/13/2023 4:22:05,1.17.0,Bandit,2,4.14,nan,30,20,80,LeftinTimeOut,Right,87,59,91,1,nan,nan,nan
9/13/2023 4:22:07,1.17.0,Bandit,2,4.14,nan,30,20,80,LeftinTimeOut,Right,87,59,91,1,nan,nan,nan
9/13/2023 4:35:16,1.17.0,Bandit,2,4.14,nan,30,20,80,Left,Right,88,59,91,1,nan,nan,0.06
9/13/2023 5:20:40,1.17.0,Bandit,2,4.14,nan,30,20,80,Left,Right,89,59,91,1,nan,nan,0.07
9/13/2023 5:20:43,1.17.0,Bandit,2,4.14,nan,30,20,80,LeftinTimeOut,Right,89,59,91,1,nan,nan,nan
9/13/2023 5:55:59,1.17.0,Bandit,2,4.14,nan,30,20,80,Left,Right,90,59,91,1,nan,nan,0.01
9/13/2023 5:56:02,1.17.0,Bandit,2,4.13,1,30,20,80,Pellet,Right,90,59,92,1,1.21,5678,nan
9/13/2023 5:56:29,1.17.0,Bandit,2,4.14,nan,30,20,80,Left,Right,91,59,92,2,nan,nan,0.01
9/13/2023 5:56:32,1.17.0,Bandit,2,4.14,1,30,20,80,Pellet,Right,91,59,93,2,0.42,29,nan
9/13/2023 5:59:41,1.17.0,Bandit,2,4.14,nan,30,20,80,Left,Right,92,59,93,3,nan,nan,0.05
9/13/2023 6:00:41,1.17.0,Bandit,2,4.14,nan,30,20,80,Right,Right,92,60,93,3,nan,nan,0.07
9/13/2023 6:00:43,1.17.0,Bandit,2,4.14,1,30,20,80,Pellet,Right,92,60,94,3,0.60,252,nan
9/13/2023 6:09:00,1.17.0,Bandit,2,4.13,nan,30,20,80,Left,Right,93,60,94,4,nan,nan,0.19
9/13/2023 6:09:03,1.17.0,Bandit,2,4.13,nan,30,20,80,LeftinTimeOut,Right,93,60,94,4,nan,nan,nan
9/13/2023 6:10:05,1.17.0,Bandit,2,4.14,nan,30,20,80,Right,Right,93,61,94,4,nan,nan,0.22
9/13/2023 6:10:20,1.17.0,Bandit,2,4.14,nan,30,20,80,Right,Right,93,62,94,4,nan,nan,0.04
9/13/2023 6:10:27,1.17.0,Bandit,2,4.14,nan,30,20,80,LeftinTimeOut,Right,93,62,94,4,nan,nan,nan
9/13/2023 6:10:46,1.17.0,Bandit,2,4.14,nan,30,20,80,Left,Right,94,62,94,4,nan,nan,0.25
9/13/2023 6:11:17,1.17.0,Bandit,2,4.14,nan,30,20,80,Left,Right,95,62,94,4,nan,nan,0.10
9/13/2023 6:11:24,1.17.0,Bandit,2,4.14,nan,30,20,80,LeftinTimeOut,Right,95,62,94,4,nan,nan,nan
9/13/2023 6:12:26,1.17.0,Bandit,2,4.13,nan,30,20,80,Left,Right,96,62,94,4,nan,nan,0.13
9/13/2023 6:13:42,1.17.0,Bandit,2,4.14,nan,30,20,80,Right,Right,96,63,94,4,nan,nan,0.04
9/13/2023 6:13:45,1.17.0,Bandit,2,4.13,1,30,20,80,Pellet,Right,96,63,95,4,0.54,782,nan
9/13/2023 6:14:18,1.17.0,Bandit,2,4.14,nan,30,20,80,Right,Right,96,64,95,5,nan,nan,0.02
9/13/2023 6:14:21,1.17.0,Bandit,2,4.14,1,30,20,80,Pellet,Right,96,64,96,5,0.42,36,nan
9/13/2023 6:14:42,1.17.0,Bandit,2,4.13,nan,30,20,80,Right,Right,96,65,96,6,nan,nan,0.08
9/13/2023 6:14:45,1.17.0,Bandit,2,4.13,2,30,20,80,Pellet,Right,96,65,97,6,0.42,23,nan
9/13/2023 7:04:29,1.17.0,Bandit,2,4.13,nan,30,20,80,Left,Right,97,65,97,7,nan,nan,0.13
9/13/2023 7:12:22,1.17.0,Bandit,2,4.12,nan,30,20,80,Left,Right,98,65,97,7,nan,nan,0.23
9/13/2023 7:14:48,1.17.0,Bandit,2,4.12,nan,30,20,80,Left,Right,99,65,97,7,nan,nan,0.14
9/13/2023 7:16:05,1.17.0,Bandit,2,4.13,nan,30,20,80,Right,Right,99,66,97,7,nan,nan,0.26
9/13/2023 7:16:08,1.17.0,Bandit,2,4.12,1,30,20,80,Pellet,Right,99,66,98,7,0.48,3684,nan
9/13/2023 7:16:28,1.17.0,Bandit,2,4.13,nan,30,20,80,Right,Right,99,67,98,8,nan,nan,0.16
9/13/2023 7:16:31,1.17.0,Bandit,2,4.13,1,30,20,80,Pellet,Right,99,67,99,8,0.42,23,nan
9/13/2023 7:17:00,1.17.0,Bandit,2,4.13,nan,30,20,80,Right,Right,99,68,99,9,nan,nan,0.11
9/13/2023 7:17:03,1.17.0,Bandit,2,4.13,1,30,20,80,Pellet,Right,99,68,100,9,0.42,32,nan
9/13/2023 7:18:27,1.17.0,Bandit,2,4.13,nan,30,20,80,Right,Right,99,69,100,10,nan,nan,0.19
9/13/2023 7:18:30,1.17.0,Bandit,2,4.13,1,30,20,80,Pellet,Right,99,69,101,10,1.15,87,nan
9/13/2023 7:18:51,1.17.0,Bandit,2,4.13,nan,30,20,80,Right,Right,99,70,101,11,nan,nan,0.15
9/13/2023 7:18:54,1.17.0,Bandit,2,4.13,1,30,20,80,Pellet,Right,99,70,102,11,0.54,24,nan
9/13/2023 7:28:38,1.17.0,Bandit,2,4.12,nan,30,20,80,Left,Right,100,70,102,12,nan,nan,0.10
9/13/2023 7:28:39,1.17.0,Bandit,2,4.12,nan,30,20,80,LeftinTimeOut,Right,100,70,102,12,nan,nan,nan
9/13/2023 7:30:17,1.17.0,Bandit,2,4.13,nan,30,20,80,Right,Right,100,71,102,12,nan,nan,0.02
9/13/2023 7:30:20,1.17.0,Bandit,2,4.12,1,30,20,80,Pellet,Right,100,71,103,12,0.48,686,nan
9/13/2023 7:30:41,1.17.0,Bandit,2,4.12,nan,30,20,80,Right,Right,100,72,103,13,nan,nan,0.18
9/13/2023 7:30:44,1.17.0,Bandit,2,4.12,1,30,20,80,Pellet,Right,100,72,104,13,0.72,24,nan
9/13/2023 7:31:05,1.17.0,Bandit,2,4.12,nan,30,20,80,Right,Right,100,73,104,14,nan,nan,0.11
9/13/2023 7:44:53,1.17.0,Bandit,2,4.12,nan,30,20,80,Left,Right,101,73,104,14,nan,nan,0.18
9/13/2023 7:51:18,1.17.0,Bandit,2,4.12,nan,30,20,80,Right,Right,101,74,104,14,nan,nan,0.28
9/13/2023 7:51:54,1.17.0,Bandit,2,4.12,nan,30,20,80,Right,Right,101,75,104,14,nan,nan,0.08
9/13/2023 7:51:58,1.17.0,Bandit,2,4.13,nan,30,20,80,RightinTimeout,Right,101,75,104,14,nan,nan,0.00
9/13/2023 7:52:00,1.17.0,Bandit,2,4.12,nan,30,20,80,LeftinTimeOut,Right,101,75,104,14,nan,nan,nan
9/13/2023 7:52:13,1.17.0,Bandit,2,4.12,nan,30,20,80,Left,Right,102,75,104,14,nan,nan,0.12
9/13/2023 7:52:51,1.17.0,Bandit,2,4.12,nan,30,20,80,Right,Right,102,76,104,14,nan,nan,0.12
9/13/2023 7:52:54,1.17.0,Bandit,2,4.12,1,30,20,80,Pellet,Right,102,76,105,14,0.60,1330,nan
9/13/2023 7:54:02,1.17.0,Bandit,2,4.12,nan,30,20,80,Left,Right,103,76,105,15,nan,nan,0.16
9/13/2023 7:57:10,1.17.0,Bandit,2,4.13,nan,30,20,80,Right,Right,103,77,105,15,nan,nan,0.34
9/13/2023 7:57:16,1.17.0,Bandit,2,4.12,1,30,20,80,Pellet,Right,103,77,106,15,3.48,262,nan
9/13/2023 8:05:49,1.17.0,Bandit,2,4.12,nan,30,20,80,Right,Right,103,78,106,16,nan,nan,0.14
9/13/2023 8:05:52,1.17.0,Bandit,2,4.12,1,30,20,80,Pellet,Right,103,78,107,16,0.54,516,nan
9/13/2023 8:10:48,1.17.0,Bandit,2,4.12,nan,30,20,80,Right,Right,103,79,107,17,nan,nan,0.49
9/13/2023 8:10:51,1.17.0,Bandit,2,4.12,1,30,20,80,Pellet,Right,103,79,108,17,0.48,299,nan
9/13/2023 8:11:39,1.17.0,Bandit,2,4.12,nan,30,20,80,Right,Right,103,80,108,18,nan,nan,0.29
9/13/2023 8:11:42,1.17.0,Bandit,2,4.12,1,30,20,80,Pellet,Right,103,80,109,18,0.48,51,nan
9/13/2023 8:12:41,1.17.0,Bandit,2,4.12,nan,30,20,80,Right,Right,103,81,109,19,nan,nan,0.05
9/13/2023 8:12:44,1.17.0,Bandit,2,4.12,1,30,20,80,Pellet,Right,103,81,110,19,0.42,61,nan
9/13/2023 9:00:52,1.17.0,Bandit,2,4.12,nan,30,20,80,Left,Right,104,81,110,20,nan,nan,0.09
9/13/2023 9:00:54,1.17.0,Bandit,2,4.12,nan,30,20,80,LeftinTimeOut,Right,104,81,110,20,nan,nan,nan
9/13/2023 9:00:57,1.17.0,Bandit,2,4.12,nan,30,20,80,LeftinTimeOut,Right,104,81,110,20,nan,nan,nan
9/13/2023 9:29:20,1.17.0,Bandit,2,4.12,nan,30,20,80,Left,Right,105,81,110,20,nan,nan,0.58
9/13/2023 9:29:23,1.17.0,Bandit,2,4.12,nan,30,20,80,LeftinTimeOut,Right,105,81,110,20,nan,nan,nan
9/13/2023 9:29:24,1.17.0,Bandit,2,4.12,nan,30,20,80,LeftinTimeOut,Right,105,81,110,20,nan,nan,nan
9/13/2023 9:29:29,1.17.0,Bandit,2,4.12,nan,30,20,80,RightinTimeout,Right,105,81,110,20,nan,nan,0.00
9/13/2023 9:29:44,1.17.0,Bandit,2,4.12,nan,30,20,80,Right,Right,105,82,110,20,nan,nan,0.02
9/13/2023 9:29:47,1.17.0,Bandit,2,4.12,nan,30,20,80,RightinTimeout,Right,105,82,110,20,nan,nan,0.00
9/13/2023 9:29:50,1.17.0,Bandit,2,4.12,nan,30,20,80,LeftinTimeOut,Right,105,82,110,20,nan,nan,nan
9/13/2023 9:30:13,1.17.0,Bandit,2,4.12,nan,30,20,80,Left,Right,106,82,110,20,nan,nan,0.21
9/13/2023 9:30:16,1.17.0,Bandit,2,4.12,nan,30,20,80,LeftinTimeOut,Right,106,82,110,20,nan,nan,nan
9/13/2023 9:30:21,1.17.0,Bandit,2,4.12,nan,30,20,80,LeftinTimeOut,Right,106,82,110,20,nan,nan,nan
9/13/2023 9:30:32,1.17.0,Bandit,2,4.12,nan,30,20,80,Right,Right,106,83,110,20,nan,nan,0.25
9/13/2023 9:30:36,1.17.0,Bandit,2,4.12,1,30,20,80,Pellet,Right,106,83,111,20,1.27,4672,nan
9/13/2023 9:31:11,1.17.0,Bandit,2,4.12,nan,30,20,80,Right,Right,106,84,111,21,nan,nan,0.08
9/13/2023 9:31:13,1.17.0,Bandit,2,4.12,1,30,20,80,Pellet,Right,106,84,112,21,0.42,38,nan
9/13/2023 9:31:43,1.17.0,Bandit,2,4.12,nan,30,20,80,Right,Right,106,85,112,22,nan,nan,0.11
9/13/2023 9:31:46,1.17.0,Bandit,2,4.12,1,30,20,80,Pellet,Right,106,85,113,22,0.42,33,nan
9/13/2023 9:33:26,1.17.0,Bandit,2,4.12,nan,30,20,80,Right,Right,106,86,113,23,nan,nan,0.03
9/13/2023 9:33:29,1.17.0,Bandit,2,4.12,1,30,20,80,Pellet,Right,106,86,114,23,0.91,103,nan
9/13/2023 9:33:51,1.17.0,Bandit,2,4.12,nan,30,20,80,Right,Right,106,87,114,24,nan,nan,0.05
9/13/2023 9:34:22,1.17.0,Bandit,2,4.12,nan,30,20,80,RightWithPellet,Right,106,88,114,24,nan,nan,0.02
9/13/2023 9:34:35,1.17.0,Bandit,2,4.12,1,30,20,80,Pellet,Right,106,88,115,24,42.24,66,nan
9/13/2023 9:37:08,1.17.0,Bandit,2,4.12,nan,30,20,80,Left,Right,107,88,115,25,nan,nan,0.14
9/13/2023 9:38:06,1.17.0,Bandit,2,4.12,nan,30,20,80,Right,Right,107,89,115,25,nan,nan,0.12
9/13/2023 9:38:47,1.17.0,Bandit,2,4.12,nan,30,20,80,Right,Right,107,90,115,25,nan,nan,0.10
9/13/2023 9:38:50,1.17.0,Bandit,2,4.12,nan,30,20,80,RightinTimeout,Right,107,90,115,25,nan,nan,0.00
9/13/2023 10:29:37,1.17.0,Bandit,2,4.11,nan,30,20,80,Left,Right,108,90,115,25,nan,nan,0.12
9/13/2023 10:29:41,1.17.0,Bandit,2,4.12,nan,30,20,80,LeftinTimeOut,Right,108,90,115,25,nan,nan,nan
9/13/2023 10:36:29,1.17.0,Bandit,2,4.11,nan,30,20,80,Left,Right,109,90,115,25,nan,nan,0.21
9/13/2023 10:36:33,1.17.0,Bandit,2,4.12,nan,30,20,80,LeftinTimeOut,Right,109,90,115,25,nan,nan,nan
9/13/2023 10:44:05,1.17.0,Bandit,2,4.12,nan,30,20,80,Left,Right,110,90,115,25,nan,nan,0.24
9/13/2023 10:44:08,1.17.0,Bandit,2,4.12,nan,30,20,80,LeftinTimeOut,Right,110,90,115,25,nan,nan,nan
9/13/2023 11:00:53,1.17.0,Bandit,2,4.11,nan,30,20,80,Left,Right,111,90,115,25,nan,nan,0.10
9/13/2023 11:03:50,1.17.0,Bandit,2,4.11,nan,30,20,80,Left,Right,112,90,115,25,nan,nan,0.03
9/13/2023 11:03:52,1.17.0,Bandit,2,4.11,nan,30,20,80,LeftWithPellet,Right,112,90,115,25,nan,nan,0.09
9/13/2023 11:03:56,1.17.0,Bandit,2,4.11,1,30,20,80,Pellet,Right,112,90,116,25,3.58,5361,nan
9/13/2023 11:04:39,1.17.0,Bandit,2,4.11,nan,30,20,80,Left,Right,113,90,116,26,nan,nan,0.17
9/13/2023 11:04:47,1.17.0,Bandit,2,4.11,nan,30,20,80,LeftinTimeOut,Right,113,90,116,26,nan,nan,nan
9/13/2023 11:05:36,1.17.0,Bandit,2,4.11,nan,30,20,80,Right,Right,113,91,116,26,nan,nan,0.21
9/13/2023 11:05:38,1.17.0,Bandit,2,4.11,1,30,20,80,Pellet,Right,113,91,117,26,0.42,102,nan
9/13/2023 11:06:09,1.17.0,Bandit,2,4.11,nan,30,20,80,Right,Right,113,92,117,27,nan,nan,0.25
9/13/2023 11:06:12,1.17.0,Bandit,2,4.11,1,30,20,80,Pellet,Right,113,92,118,27,0.42,34,nan
9/13/2023 11:06:33,1.17.0,Bandit,2,4.11,nan,30,20,80,Right,Right,113,93,118,28,nan,nan,0.07
9/13/2023 11:06:36,1.17.0,Bandit,2,4.11,1,30,20,80,Pellet,Right,113,93,119,28,0.97,24,nan
9/13/2023 11:06:56,1.17.0,Bandit,2,4.11,nan,30,20,80,Right,Right,113,94,119,29,nan,nan,0.12
9/13/2023 11:10:03,1.17.0,Bandit,2,4.11,nan,30,20,80,Left,Right,114,94,119,29,nan,nan,0.09
9/13/2023 11:18:50,1.17.0,Bandit,2,4.11,nan,30,20,80,Left,Right,115,94,119,29,nan,nan,0.23
9/13/2023 11:18:55,1.17.0,Bandit,2,4.11,nan,30,20,80,RightinTimeout,Right,115,94,119,29,nan,nan,0.00
9/13/2023 11:26:04,1.17.0,Bandit,2,4.11,nan,30,20,80,Right,Right,115,95,119,29,nan,nan,0.11
9/13/2023 11:27:12,1.17.0,Bandit,2,4.11,nan,30,20,80,Right,Right,115,96,119,29,nan,nan,0.26
9/13/2023 11:27:15,1.17.0,Bandit,2,4.11,1,30,20,80,Pellet,Right,115,96,120,29,0.66,1238,nan
9/13/2023 11:27:52,1.17.0,Bandit,2,4.12,nan,30,80,20,Right,Left,115,97,120,0,nan,nan,0.07
9/13/2023 11:28:24,1.17.0,Bandit,2,4.11,nan,30,80,20,Right,Left,115,98,120,0,nan,nan,0.03
9/13/2023 11:29:26,1.17.0,Bandit,2,4.12,nan,30,80,20,Right,Left,115,99,120,0,nan,nan,0.41
9/13/2023 12:51:01,1.17.0,Bandit,2,4.10,nan,30,80,20,Left,Left,116,99,120,0,nan,nan,0.22
9/13/2023 12:51:05,1.17.0,Bandit,2,4.11,1,30,80,20,Pellet,Left,116,99,121,0,1.21,5030,nan
9/13/2023 12:51:36,1.17.0,Bandit,2,4.10,nan,30,80,20,Left,Left,117,99,121,1,nan,nan,0.05
9/13/2023 12:51:38,1.17.0,Bandit,2,4.10,1,30,80,20,Pellet,Left,117,99,122,1,0.42,34,nan
9/13/2023 12:54:13,1.17.0,Bandit,2,4.11,nan,30,80,20,Left,Left,118,99,122,2,nan,nan,0.03
9/13/2023 12:54:16,1.17.0,Bandit,2,4.11,1,30,80,20,Pellet,Left,118,99,123,2,0.48,158,nan
9/13/2023 12:54:44,1.17.0,Bandit,2,4.11,nan,30,80,20,Left,Left,119,99,123,3,nan,nan,0.31
9/13/2023 12:54:47,1.17.0,Bandit,2,4.11,1,30,80,20,Pellet,Left,119,99,124,3,0.66,31,nan
9/13/2023 12:55:13,1.17.0,Bandit,2,4.10,nan,30,80,20,Left,Left,120,99,124,4,nan,nan,0.18
9/13/2023 12:55:16,1.17.0,Bandit,2,4.11,1,30,80,20,Pellet,Left,120,99,125,4,0.42,29,nan
9/13/2023 12:55:37,1.17.0,Bandit,2,4.11,nan,30,80,20,Left,Left,121,99,125,5,nan,nan,0.14
9/13/2023 12:55:40,1.17.0,Bandit,2,4.11,1,30,80,20,Pellet,Left,121,99,126,5,0.42,24,nan
9/13/2023 12:56:03,1.17.0,Bandit,2,4.10,nan,30,80,20,Left,Left,122,99,126,6,nan,nan,0.15
9/13/2023 12:56:06,1.17.0,Bandit,2,4.11,1,30,80,20,Pellet,Left,122,99,127,6,0.42,26,nan
9/13/2023 12:56:30,1.17.0,Bandit,2,4.10,nan,30,80,20,Left,Left,123,99,127,7,nan,nan,0.17
9/13/2023 12:56:32,1.17.0,Bandit,2,4.11,1,30,80,20,Pellet,Left,123,99,128,7,0.54,26,nan
9/13/2023 12:56:55,1.17.0,Bandit,2,4.11,nan,30,80,20,Left,Left,124,99,128,8,nan,nan,0.06
9/13/2023 12:57:00,1.17.0,Bandit,2,4.11,nan,30,80,20,LeftinTimeOut,Left,124,99,128,8,nan,nan,nan
9/13/2023 12:57:04,1.17.0,Bandit,2,4.11,nan,30,80,20,LeftinTimeOut,Left,124,99,128,8,nan,nan,nan
9/13/2023 13:29:51,1.17.0,Bandit,2,4.10,nan,30,80,20,Left,Left,125,99,128,8,nan,nan,0.18
9/13/2023 13:29:54,1.17.0,Bandit,2,4.10,1,30,80,20,Pellet,Left,125,99,129,8,0.54,2002,nan
9/13/2023 13:30:23,1.17.0,Bandit,2,4.10,nan,30,80,20,Left,Left,126,99,129,9,nan,nan,0.23
9/13/2023 13:30:26,1.17.0,Bandit,2,4.10,1,30,80,20,Pellet,Left,126,99,130,9,0.42,31,nan
9/13/2023 13:30:55,1.17.0,Bandit,2,4.11,nan,30,80,20,Left,Left,127,99,130,10,nan,nan,0.26
9/13/2023 13:30:57,1.17.0,Bandit,2,4.10,1,30,80,20,Pellet,Left,127,99,131,10,0.60,32,nan
9/13/2023 13:31:22,1.17.0,Bandit,2,4.10,nan,30,80,20,Left,Left,128,99,131,11,nan,nan,0.51
9/13/2023 14:12:09,1.17.0,Bandit,2,4.09,nan,30,80,20,Left,Left,129,99,131,11,nan,nan,0.69
9/13/2023 14:12:12,1.17.0,Bandit,2,4.10,1,30,80,20,Pellet,Left,129,99,132,11,0.42,2475,nan
9/13/2023 14:12:38,1.17.0,Bandit,2,4.10,nan,30,80,20,Left,Left,130,99,132,12,nan,nan,0.34
9/13/2023 14:12:41,1.17.0,Bandit,2,4.10,1,30,80,20,Pellet,Left,130,99,133,12,0.42,29,nan
9/13/2023 14:13:04,1.17.0,Bandit,2,4.10,nan,30,80,20,Left,Left,131,99,133,13,nan,nan,0.35
9/13/2023 14:13:07,1.17.0,Bandit,2,4.10,1,30,80,20,Pellet,Left,131,99,134,13,0.60,26,nan
9/13/2023 14:13:31,1.17.0,Bandit,2,4.10,nan,30,80,20,Left,Left,132,99,134,14,nan,nan,0.51
9/13/2023 14:13:34,1.17.0,Bandit,2,4.10,1,30,80,20,Pellet,Left,132,99,135,14,0.48,27,nan
9/13/2023 14:13:58,1.17.0,Bandit,2,4.10,nan,30,80,20,Left,Left,133,99,135,15,nan,nan,0.06
9/13/2023 14:14:02,1.17.0,Bandit,2,4.10,nan,30,80,20,LeftinTimeOut,Left,133,99,135,15,nan,nan,nan
9/13/2023 14:14:06,1.17.0,Bandit,2,4.10,nan,30,80,20,LeftinTimeOut,Left,133,99,135,15,nan,nan,nan
9/13/2023 14:14:10,1.17.0,Bandit,2,4.09,nan,30,80,20,LeftinTimeOut,Left,133,99,135,15,nan,nan,nan
